Period,Sub_Period,Sum_Total_Forcast
2016,1,2588356.55818689
2016,2,2498567.17438226
2016,3,2919067.02480063
2016,4,2797280.08298446
2016,5,3163764.85919132
2016,6,3202813.28867789
2016,7,3228212.2422663
2016,8,2868914.81208235
2016,9,2538372.26653368
2016,10,2485732.28485161
2016,11,2583447.59373453
2016,12,2562181.69998
